,industry,company_count,ebitdaUSD,marketCapUSD,totalRevenueUSD,fullTimeEmployees,grossMargins,operatingMargins,ebitdaMargins,profitMargins,earningsGrowth,revenueGrowth,forwardEps,trailingEps,forwardPE,trailingPE,pegRatio,trailingPegRatio,enterpriseToEbitda,enterpriseToRevenue,returnOnEquity,returnOnAssets,heldPercentInstitutions,heldPercentInsiders,debtToEquity,quickRatio,currentRatio,dividendYield,dividendRate,trailingAnnualDividendRate,fiveYearAvgDividendYield,trailingAnnualDividendYield,earningsQuarterlyGrowth,priceToBook,priceToSalesTrailing12Months
0,Advertising Agencies,31,13867354992.341934,82201068811.6087,89428753438.06169,509401.0,0.41515,0.06476,0.12542,0.020539999,-0.0355,0.177,1.06,0.21,8.915493,13.220126,-0.06,0.871,7.34,1.212,0.095369995,0.027345,0.67605,0.081999995,67.824,1.117,1.22,0.045050001,2.325,1.6,3.64,0.028519438,0.001,1.6666667,0.9512624
1,Aerospace & Defense,82,66001695033.036,953367709400.2703,558450604775.5804,1549526.0,0.25433,0.0725349975,0.115125,0.057389997,-0.064,0.087,2.37,0.44,15.184466,23.327199999999998,1.43,1.4638,12.254,2.2365000000000004,0.06736,0.02735,0.60883,0.05021,45.824,1.095,2.033,0.015100000750000002,0.78,0.637,1.72,0.01357702,-0.0765,2.9018283,1.96801115
2,Agricultural Inputs,30,37707265897.68626,251280215243.42737,126681447628.09424,142104.0,0.38536,0.157505005,0.18927999,0.10309,0.332,0.6005,5.57,8.69,13.3896735,15.3645735,0.92,1.76165,7.29,1.9255,0.231565005,0.082509997,0.21283000000000002,0.467165,51.6985,1.2215,1.8054999999999999,0.013200001,2.12,1.8,1.93,0.016850777,0.306,2.64583015,1.78368175
3,Airlines,54,-9755671886.14147,274099747104.70294,556236103701.3901,1416078.0,0.161285005,-0.07484,0.0128999995,-0.0766649955,0.127,0.741,1.27,-0.9755,10.759777,11.515125000000001,0.02,0.7951,4.252000000000001,1.608,-0.15762,-0.01321,0.214265005,0.13692000000000001,202.0245,0.708,0.831,0.027700000000000002,0.71,0.592,,0.018048782,0.127,1.8492056,0.8124007
4,Airports & Air Services,23,39116845559.55752,138401449868.7228,77542427773.38533,124155.0,0.38726002,0.1304,0.29834,0.057189997,0.3605,0.519,0.98,0.56,17.7083995,22.3553885,0.41,3.9622,8.4645,4.628,0.068169996,0.01753,0.20297001,0.44263,79.227,1.112,1.286,0.051999997,7.65,6.548,,0.048736905,0.5449999999999999,1.6528009,3.069923
5,Aluminum,11,42664537922.26288,54012764380.13634,368515585948.848,170288.0,0.28298,0.097200006,0.14804,0.07114,0.5660000000000001,0.4505,5.55,3.06,9.1875,8.776699,0.28500000000000003,0.5563,4.475,0.715,0.16722,0.063590005,0.44641998,0.34298,85.605,0.822,1.812,0.0482,3.08,1.5,7.23,0.048231512,0.565,1.563939,0.6619831
6,Apparel Manufacturing,26,12978530756.795326,101812925308.90952,88631574501.2599,453945.0,0.543905,0.12478500000000001,0.15226499999999998,0.08639000250000001,0.148,0.2105,3.34,3.825,11.849604,14.142858,1.045,1.5534,8.6055,1.3375,0.2119,0.075465,0.7443550000000001,0.14559,77.916,0.925,2.059,0.0215,1.84,1.12,2.255,0.020905925,0.0905,3.40468015,1.2501596
7,Apparel Retail,41,28088505032.073692,339755068391.76294,217476091666.154,960733.0,0.4399,0.09283,0.11047,0.062470004,-0.0365,0.022,3.03,2.8,8.505376,9.2055235,0.685,2.2439,6.801,0.828,0.26948499000000004,0.07762,0.85331,0.05814999999999999,102.269,0.483,1.547,0.041199997,1.18,1.0550000000000002,2.95,0.025700413,-0.029,3.0007388500000003,0.48954558
8,Asset Management,108,85351064371.31842,906544829276.8782,340690177600.40344,603753.0,0.71372998,0.42363998,0.38092998,0.246225,-0.129,0.019,3.005,2.23,9.288701499999998,10.257692,0.98,1.511,7.522,4.726,0.138080005,0.04263,0.46921,0.07418,47.941,1.7574999999999998,2.1345,0.0458,1.18,1.15,4.54,0.033241,-0.15,1.5910523,3.5589168
9,Auto & Truck Dealerships,25,16854670452.54864,115295009327.71259,230104695033.446,256685.0,0.18045,0.05712,0.063930005,0.02774,0.163,0.182,4.39,2.79,5.6791205,7.926995,0.7,1.1536,7.007,0.606,0.18011999,0.050890002,0.80009,0.07929,148.25,0.63,1.486,0.018750000000000003,1.6,1.46,1.37,0.014122137,0.056499999999999995,2.0946225,0.36205125
10,Auto Manufacturers,65,18484266738265.68,2123872888201.4734,171265636539142.6,4665310.0,0.189,0.0347,0.09956,0.044540001499999995,-0.007,0.22,2.125,1.819,6.4513603,11.357396,0.39,1.7657,5.974,1.101,0.06229,0.0116799995,0.25915,0.35024500000000003,39.907,1.0035,1.4325,0.033299999999999996,5.0,5.0,2.72,0.0283713815,-0.0045000000000000005,1.3391656,0.7170162
11,Auto Manufacturers - Major,1,226330209.4149585,2444107978.4162126,8648287735.962158,4237.0,0.04602,0.02437,0.027520001,0.016180001,,0.171,,0.168,,16.785713,,,9.818,0.27,0.13018,0.031140001,0.00246,0.85939,43.701,1.006,1.249,,,,,,0.053,2.276029,0.27945837
12,Auto Parts,99,56028670116.54967,376364779020.8189,544991065683.55133,2853626.0,0.25799,0.055,0.1038450005,0.0427,0.07,0.194,3.73,2.28,9.2576635,21.744793,0.7,0.54495,8.993500000000001,1.065,0.067970002,0.03263,0.35131,0.32046002,46.1665,0.892,1.721,0.0182,2.5,1.32,1.62,0.026666667,0.0875,1.88105395,0.93654591
13,Banks—Diversified,39,,2822195495910.587,7779111960063.949,4442004.0,0.968255,0.40178999000000004,,0.30976000000000004,-0.006,0.026,1.9,1.3,8.40031,9.131344,1.53,0.61465,,-0.038000000000000006,0.1056899975,0.00744499975,0.40402,0.00413,243.37050000000002,3.908,4.965,0.0463,0.88,0.72,4.63,0.04456328,0.0315,0.91233796,1.9798258999999998
14,Banks—Regional,394,1443724721.3165872,9175781789714.574,43261719720896.71,5781663.0,0.46520000000000006,0.42363998,0.238274995,0.31327,0.019,0.061,3.38,2.827,8.765395,10.6219555,1.12,0.7514,23.373,3.601,0.10966,0.011005000000000001,0.48236499,0.0962099975,90.9005,0.8315,1.172,0.0322,0.92,0.91,3.04,0.030809399,0.0335,1.1394781,3.1114318
15,Beverages—Brewers,18,141461080359.72705,417366251994.64075,902295504539.5442,868327.0,0.40045,0.115159996,0.16081,0.075030005,0.27649999999999997,0.157,4.17,2.715,16.921904,18.004159,1.775,1.8593000000000002,9.818,1.918,0.12806,0.0483699985,0.19463,0.5796300000000001,52.28,0.698,0.937,0.0233,1.52,1.33,2.2199999999999998,0.022704086999999998,0.26149999999999995,1.7296999,1.3093374
16,Beverages—Non-Alcoholic,23,78165209353.99435,758166119144.5486,403367636774.683,689006.0,0.44434,0.13209,0.176990005,0.08188500500000001,0.149,0.155,2.6399999999999997,1.68,19.0236265,27.795454,1.385,3.4073,12.925,2.549,0.154545,0.06465,0.45308,0.242170005,48.986,0.975,1.277,0.0203500005,1.9700000000000002,1.72,2.54,0.015089514,0.2485,5.9189763,2.560226
17,Beverages—Wineries & Distilleries,24,85353441404.60298,973985735583.8732,376230342306.4101,163946.0,0.485415,0.207655,0.2339,0.13729,0.164,0.1635,4.99,1.58,19.387804,26.389740000000003,2.255,2.14415,16.434,4.253,0.1322,0.06292,0.14187,0.5155199850000001,51.8475,0.903,2.302,0.0183,1.405,0.736,1.575,0.012443438,0.173,3.2098176499999997,3.71005905
18,Biotechnology,430,87124016024.9094,1266383468713.546,316677239509.51794,284153.0,0.6561950000000001,-3.0286150999999997,-0.593235,-0.5831200000000001,0.075,0.205,-1.23,-1.31,-3.6388886,16.832694,-0.03,1.3,-2.002,8.2515,-0.47596002,-0.21947001,0.60988,0.06404,8.6195,5.9190000000000005,6.457,0.0116,1.02,1.0,0.99,0.013138383,0.08,2.39410985,13.445206
19,Broadcasting,21,10113994814.000307,48887800079.73873,47745822665.70452,80678.0,0.39116,0.14465,0.17756,0.09793,0.244,0.088,2.45,1.29,5.6743116,10.2535575,0.565,1.4015,8.089,1.995,0.14277,0.044499997,0.26426,0.28121,93.192,1.48,1.689,0.028900001,0.45,0.41500000000000004,2.85,0.024602607,0.2865,1.3715835,0.5783452
20,Building Materials,36,98345892137.41661,263081545888.51904,416478860518.3639,479028.0,0.36928,0.13413,0.17493999,0.100414995,0.015500000000000002,0.1725,7.109999999999999,4.384,15.0713255,13.566827,1.16,1.4458,9.275,1.705,0.12604,0.050835,0.22648,0.50646,59.972,1.0945,1.7565,0.02165,1.55,1.36,1.145,0.023584416,-0.025,1.7078608,1.2294188
21,Building Materials Wholesale,1,57100000.0,292397824.0,937800000.0,1100.0,0.2218,0.05566,0.060890004,0.05172,23.727,0.248,0.53,1.764,20.18868,6.065759,,,6.972,0.424,0.71994,0.11602,0.48213002,0.14685,117.615,0.789,2.052,,,,,,21.667,3.1479847,0.31179124
22,Building Products & Equipment,48,41587492565.97204,354823885947.6675,267500899793.8808,819234.0,0.31932001,0.117239998,0.14965999,0.081429996,0.218,0.178,6.125,4.76,11.5965125,19.093277,0.85,1.6057000000000001,9.443,1.4009999999999998,0.17403999,0.07447,0.8705899749999999,0.07982,62.865,1.0685,1.8875,0.01579999975,1.515,1.0775000000000001,1.275,0.0151575355,0.177,2.652534,1.1847120000000002
23,Business Equipment & Supplies,6,4450551897.723399,38313743831.61589,34793553385.24176,137859.0,0.31627501,0.063780002,0.094005,0.041885001,-0.0040000000000000036,0.1675,2.67,1.83,11.610487,18.4353775,2.0300000000000002,1.3265500000000001,12.684999999999999,1.004,0.120170005,0.035889998,0.88045,0.03433,80.0455,0.821,1.562,0.036199998,1.28,1.22,2.505,0.038865883,-0.010999999999999996,1.8458970000000001,0.82811115
24,Capital Markets,66,2331095760.4557943,821029886565.7555,1712969878118.3499,390714.0,0.85911,0.23013,0.24384498999999998,0.16734000500000001,-0.095,0.026000000000000002,3.77,1.681,9.86402,12.036364,0.92,1.8359,6.401,1.805,0.13789,0.020104999,0.44886002,0.09007,72.597,1.232,1.429,0.025349999499999998,0.98,0.7,2.42,0.0206474075,-0.107,1.7271127,2.0633554
25,Chemicals,46,190327501337.8866,429879767294.30884,1169754148797.6328,459878.0,0.25928,0.1373,0.18312,0.10125,0.178,0.254,5.1,6.715,8.6905185,10.064798,0.49,1.3946,6.442500000000001,1.152,0.153470005,0.06158999999999999,0.26220001,0.33369,51.179,1.119,1.91,0.0319,4.175,2.8,2.57,0.033547115,0.219,1.5600488,0.8173845
26,Coking Coal,5,4102521447.9782257,6294012351.783234,10300856749.030844,35544.0,0.42208,0.29904,0.37745,0.21955,2.289,0.833,2.08,2.24,8.307693,2.652246,0.255,,2.723,0.663,0.37057,0.18505,0.77997,0.11281,35.577,1.171,1.722,0.0269,0.38,0.23299999999999998,0.86,0.0144932095,2.347,1.5994326,0.6672935
27,Communication Equipment,60,38614600434.854515,440642312998.53033,246945780917.54166,768356.0,0.40775499,0.03229,0.09584500000000001,0.0124900005,0.069,0.0675,0.96,0.35,12.197969,23.6665175,1.0,2.0054499999999997,12.291,1.847,-0.00746,0.01641,0.65041498,0.04445,40.757,1.143,1.819,0.0161,0.5,0.44,2.62,0.014344609250000001,0.043,2.3470643,1.5514657
28,Computer Hardware,35,591876467920.0475,269316181581.63763,4000989610712.3936,645005.0,0.36354,0.03916,0.066165,0.0566400015,-0.028,0.133,1.175,1.28,9.8028275,12.263779499999998,0.65,1.3325,5.4,1.128,0.14187,0.0344399995,0.51697,0.13588999,15.823,1.204,1.909,0.034199998999999995,2.1399999999999997,2.28,2.86,0.033510827,-0.035,2.0012202,1.710343
29,Confectioners,7,10718365197.813871,171804275270.8058,56579307590.26372,128190.0,0.34315,0.13675,0.16389,0.10812,0.097,0.158,8.88,22.93,25.230856,26.929886,2.9850000000000003,3.1542,17.051,3.435,0.14050001,0.05448,0.30642998,0.35217997,71.502,0.692,1.791,0.0185,6.0,3.604,1.625,0.014271152,0.094,3.1671002,2.7858195
30,Conglomerates,59,142829136116.07382,1083451169858.105,1101009894794.048,2235073.0,0.25653,0.082040004,0.12343000000000001,0.05817,0.32,0.216,9.07,6.51,10.690016499999999,13.5891255,1.28,1.9045,11.196,1.604,0.11445,0.030045000500000002,0.3158,0.30603,86.9,0.884,1.411,0.0307,4.0,2.4000000000000004,2.95,0.025316287,0.32,1.28632085,0.75041443
31,Consulting Services,19,11605161410.10885,167015448562.1802,51852108893.93219,318953.0,0.39504,0.14666,0.19159001,0.09035,0.021,0.114,4.02,1.89,18.088471,26.401556,2.69,1.49065,16.147,2.981,0.19639999,0.06468,0.86853,0.026659999,103.169,1.144,1.144,0.0171,0.56,0.56,1.55,0.01308699,0.014,5.0302243,2.5998316
32,Consumer Electronics,21,14607420509025.652,3155308201273.7866,120716556764335.23,750478.0,0.29400000000000004,0.04818,0.10321999,0.06834,0.022500000000000003,0.024,3.925,2.28,11.836198,17.40689,0.8,1.5974,6.665,0.835,0.07887,0.024260001,0.25757,0.19309,22.427,1.0025,1.7765,0.0243999995,35.0,42.5,2.13,0.030491175,0.020999999999999998,1.426355,1.0509924
33,Copper,12,28847664531.181595,124304352954.38812,74665004673.12509,96847.0,0.46801001,0.33385,0.438754985,0.19064499499999998,-0.197,-0.015000000000000001,1.295,2.73,10.750544000000001,10.5463915,-0.97,,4.435,2.125,0.14946,0.07013,0.373975,0.25689,37.928,1.081,2.189,0.02205,0.48,0.4025,2.12,0.0144833025,-0.197,1.2096118,1.6948191
34,Credit Services,61,802085553490.7854,1253392929151.8438,2904070331159.1553,608793.0,0.855719985,0.3525,0.17623,0.23598999999999998,-0.018,0.12,5.795,4.76,7.36551575,9.799999,0.59,1.2605,8.715,4.309,0.16184,0.033019999,0.5845400000000001,0.07930999999999999,231.252,2.9775,4.465,0.0260999995,1.4100000000000001,1.3199999999999998,1.79,0.02590717,-0.027,1.2196293,1.9627585
35,Department Stores,17,21822037848.14895,240135965093.42477,258192149444.50186,838320.0,0.33351,0.0627,0.09901,0.03288,0.144,0.093,12.23,2.5300000000000002,12.069729,8.6447355,0.09,0.5992999999999999,5.461,0.715,0.118760005,0.04887,0.34873,0.27826,144.6615,0.478,1.057,0.030699999,2.105,2.067,2.0300000000000002,0.01320668225,0.135,2.3108344,0.29813305
36,Diagnostics & Research,61,49212990773.79629,854527481670.6852,204648960234.54657,809230.0,0.40155,0.058294999,0.14967,0.027660001,-0.049,0.067,0.39,0.04,11.608851999999999,28.288603000000002,0.67,2.0945,6.866,3.5905,-0.01903,0.022869999,0.59975,0.03183,57.199,1.736,2.228,0.0081,1.0,0.92,0.625,0.006391065,-0.051,2.7187488,3.3394321
37,Discount Stores,16,149786144412.21088,914517567250.9475,1839247249011.959,3952148.0,0.276825,0.062445,0.088479998,0.034655001,0.237,0.105,7.8100000000000005,6.015000000000001,19.556409000000002,25.327828500000003,2.93,2.66965,14.264,0.8975,0.27893,0.070539996,0.62518998,0.052314998,160.202,0.215,1.015,0.021499999,2.22,1.94,1.85,0.016508032,0.204,3.6420362,0.6613128349999999
38,Drug Manufacturers—General,35,289470707742.85944,2968804262341.44,815916093944.4033,1229505.0,0.6795,0.2348,0.29839,0.17437,-0.0465,0.071,7.744999999999999,6.55,13.0229625,22.79402,2.02,1.4999500000000001,12.605,4.15,0.194840005,0.07193,0.42632,0.0085850004,49.34,1.087,1.484,0.0293,3.33,3.115,2.58,0.0284820125,-0.069,4.5071937,3.9101887
39,Drug Manufacturers—Specialty & Generic,128,1115597406421.3342,506320377270.5813,3977074426251.412,687513.0,0.55081004,0.0996350025,0.16184999,0.05051,-0.011,0.105,0.79,0.15,8.508792,23.03125,0.17,1.5214,8.2005,2.5469999999999997,-0.030350002,0.008754999999999999,0.22338,0.13314,39.206999999999994,1.432,2.472,0.0119,3.63,2.5,0.9450000000000001,0.0127002175,0.031,1.7580341,2.2544101999999997
40,Education & Training Services,28,392397553.55913335,42331433191.46132,38169606917.37749,149815.0,0.53521,0.056155,0.131495007,-0.0277850005,-0.018,0.155,0.76,-0.1995,11.853801,18.927536,0.83,0.7319,6.292,1.4375,-0.012455,0.0104600005,0.69188498,0.034860001,39.841,1.2970000000000002,1.5905,0.0198,2.4,1.335,1.09,0.024542709500000003,-0.1355,1.1013303,1.03500267
41,Electrical Equipment & Parts,58,22941149374.55685,419240567561.1,182008434639.11142,650908.0,0.29075001,0.08357,0.11498,0.080504998,0.302,0.21,2.375,1.71,11.829603500000001,20.331491,0.69,1.5287,7.692,2.197,0.09462999999999999,0.02853,0.45743,0.18879999,17.967,1.287,2.6494999999999997,0.01315,1.2,0.9,1.14,0.013318536,0.27,2.80742575,2.4250891
42,Electronic Components,48,55249953067.7762,442042566394.4041,485868880405.8524,2362277.0,0.27952,0.08709500249999999,0.133305,0.073300002,0.192,0.1485,3.41,2.52,11.713031,14.890755,0.87,1.2565,8.0195,1.6324999999999998,0.12643,0.0469300015,0.48889499999999997,0.089585,45.1995,1.3344999999999998,2.0285,0.0166999995,2.3200000000000003,1.02,1.36,0.016335767,0.202,2.03891,1.6052556
43,Electronic Gaming & Multimedia,96,130790230052.2622,375459825789.3387,598576752277.1025,227974.0,0.5912,0.12247,0.18201,0.10531,0.08049999999999999,0.0525,5.2,1.405,14.892839500000001,19.092592,1.09,1.10535,7.35,2.1035,0.098965005,0.05218,0.15042,0.32828999000000003,10.955,2.74,2.949,0.0166,10.0,5.0,1.47,0.013060514,0.047,2.44686,2.2493065999999997
44,Electronics & Computer Distribution,9,7008340730.078392,36662382948.64515,151455593685.55536,111823.0,0.15048,0.03899,0.04483,0.02829,0.49350000000000005,0.177,6.3,5.7,7.418224,10.4661225,0.6,0.8963,8.69,0.372,0.13582,0.0637,0.93597,0.03742,64.512,1.035,1.871,0.03685,1.18,1.05,2.16,0.024539243500000002,0.531,1.1137096,0.2894363
45,Engineering & Construction,82,78574887856.25949,410126116909.58356,1161524498128.4238,2630820.0,0.16382999999999998,0.048739998,0.069969998,0.031985001,0.2025,0.139,3.7,2.3605,11.660778,16.884127,1.42,1.1161,9.9875,0.8075,0.097959995,0.02982,0.41559,0.17307,75.2975,1.12,1.3,0.022699999999999998,0.92,0.695,2.29,0.029813515,0.238,2.0919885000000003,0.68539668
46,Entertainment,57,53024641699.95322,529826442675.61755,329192172358.7032,505149.0,0.47541,0.03562,0.147690005,0.016890000000000002,0.062,0.183,1.085,0.235,15.142778,17.9556265,1.495,1.5582,13.177,2.222,0.03444,0.0109999995,0.51138,0.17524,88.641,0.9215,1.0925,0.021150000000000002,0.5700000000000001,0.54,1.75,0.01421864925,0.065,2.206737,1.4132842
47,Farm & Heavy Construction Machinery,45,48259134863.7006,456438364817.1132,395510568320.1412,1017912.0,0.22539,0.075845,0.10135999,0.055180002,-0.061,0.174,3.11,1.735,10.127551,15.575754,0.62,1.2097,10.3825,0.955,0.0994100025,0.033960001000000004,0.50773,0.17028,64.1,0.904,1.737,0.019999999499999997,0.9299999999999999,0.845,1.475,0.022570922,-0.083,2.06648515,0.85797245
48,Farm Products,29,33779939652.617405,217402374990.89526,432756398757.9317,695727.0,0.17121,0.056670001500000004,0.09934,0.05633,-0.009,0.1985,1.9,1.34,11.101665,18.198446,0.62,2.5042,10.932,1.1595,0.10980000000000001,0.03276,0.293134995,0.333375,37.533500000000004,0.765,1.889,0.0223,0.88,0.874,2.4050000000000002,0.024671054,-0.004,1.3864735,0.75351835
49,Financial Conglomerates,8,4297159231.186518,71341610198.15294,106984111480.09598,174463.0,0.49178,0.10751999549999999,0.131544995,0.08018,0.187,0.1395,7.275,5.91,10.662572,14.549958,0.8500000000000001,,19.9075,3.034,0.06529,-0.0018099999,0.42318,0.34912,227.9785,1.3579999999999999,2.9475,0.0214999995,3.75,3.5,2.69,0.044003017,0.25,1.56503595,1.3063339
50,Financial Data & Stock Exchanges,25,31393079901.1668,638009733012.1808,68750873149.09259,142252.0,0.86938006,0.439,0.47362499,0.33106,-0.049,0.109,8.185,5.98,23.331403,26.735899,2.385,3.2528,20.0265,8.716,0.16383,0.048705001,0.56476,0.082355,42.296,0.772,1.149,0.0167,2.8,2.332,1.785,0.014876887500000002,-0.016,3.79750155,8.264323
51,Food Distribution,18,12977042114.53356,112652589597.98537,337951346676.55005,480080.0,0.165925,0.0283999995,0.040659999,0.014945001,0.086,0.2185,2.48,0.825,13.933332,22.870834,1.4649999999999999,0.9503,12.416,0.6115,0.09334999999999999,0.03,0.685405,0.055834999999999996,120.9145,0.632,1.3125,0.0275,0.755,0.7,2.5,0.0253052275,0.095,2.21664825,0.43407585
52,Footwear & Accessories,18,13634817680.561827,235377565740.6955,99168503821.64032,223794.0,0.469095,0.09458,0.108675,0.08244499999999999,0.378,0.291,4.09,4.63,16.210987499999998,24.648129,1.08,1.5243,14.235,1.7385,0.18853001,0.06385,0.5503750000000001,0.17130499999999999,48.144999999999996,1.07,2.337,0.01155,0.8999999999999999,0.5755,1.405,0.016212103500000002,0.315,4.00506005,1.45231435
53,"Furnishings, Fixtures & Appliances",48,20829530447.16912,160380676225.8552,193606089897.5452,650961.0,0.3428,0.06434,0.08781,0.0462,0.308,0.134,3.065,2.92,8.1073878,13.3798745,0.825,0.5747,9.1,0.953,0.14275,0.043759998,0.42506,0.222219995,58.5425,0.697,1.544,0.024500001,1.32,0.76,2.08,0.031691648,0.2965,1.9506513,0.76717377
54,Gambling,20,5238159342.517965,100145405425.361,33454234126.384357,99633.0,0.638535,0.137230005,0.21195,0.09900500000000001,0.386,0.146,1.29,0.36,10.704305,16.087484500000002,0.47,,10.2645,2.6465,0.16338,0.02871,0.49115999,0.11118,66.8445,0.9754999999999999,1.5925,0.0345,0.8,0.6,1.6,0.0038896585,0.39949999999999997,6.1469963,2.0420961
55,Gold,50,94994430347.5935,263083861925.31418,309734366656.1519,239746.0,0.44357,0.205785,0.39067,0.127319998,-0.083,-0.0045000000000000005,0.49,0.175,10.817073,15.892857,0.41,0.7872,4.5935,2.1995,0.033,0.025745,0.45199501,0.0236599995,20.931,1.7215,2.8115,0.028199999,0.28,0.275,1.435,0.026730636,0.096,1.2723237,2.05791415
56,Grocery Stores,35,62022074184.90638,355720903925.7982,951126459141.9739,3859373.0,0.25293,0.0432,0.06568,0.02414,0.129,0.109,3.675,1.8650000000000002,16.73649,16.3185485,3.24,1.2569,9.497,0.789,0.198665,0.0533700015,0.31836501,0.20185,133.571,0.442,0.895,0.018799999999999997,1.01,0.84,2.295,0.016642548,0.1005,3.5580924,0.4881005
57,Health Information Services,49,2784874126.747107,138791012202.4522,33143616693.220993,132846.0,0.53056,-0.04162,0.03165,-0.071090005,-0.258,0.171,0.26,-0.38,12.653847,49.01828,1.28,2.02395,8.966,2.985,-0.05736,-0.01060500025,0.78212,0.06813,36.007000000000005,2.431,2.881,0.0187,0.8999999999999999,0.76,0.78,0.01747124,-0.297,2.281985,2.5840805
58,Healthcare Plans,13,76079806886.12166,957594206696.0042,1203761916828.422,925925.0,0.17115,0.04087,0.04488,0.02555,0.192,0.158,6.31,3.2,12.596323,18.258545,1.14,1.3761999999999999,10.124,0.619,0.10944,0.03521,0.90352994,0.01526,63.346,1.01,1.164,0.0129500005,3.8150000000000004,2.3375000000000004,1.25,0.0106418525,0.149,2.6837418,0.6675924
59,Home Improvement Retail,13,46892620129.363266,579766322935.4302,305262249047.6115,1046724.0,0.37433997,0.09224,0.12494001,0.07565,0.08,0.065,2.46,1.84,13.464875,17.8125,1.2,1.2912,10.691,1.465,0.24502000499999999,0.070765,0.79164004,0.03907,88.782,0.344,1.2385,0.040999997,1.12,1.295,2.89,0.032010046,0.054,3.2418747,1.2046098
60,Household & Personal Products,44,77787891836.89372,1235192385032.616,409313151276.9144,873190.0,0.50003,0.12944001,0.16441,0.08177,-0.05,0.073,5.32,4.98,23.197563,29.618479,3.21,3.1763,16.073,2.705,0.11670999,0.0628500015,0.39048999500000003,0.185994995,30.831,0.767,1.599,0.0238,4.72,2.9265,1.6,0.0166799915,-0.069,4.4332147,2.6345204
61,Industrial Distribution,21,15417548610.790245,165244958021.5271,128519363558.16566,189690.0,0.29196,0.101210006,0.11886,0.07561,0.314,0.193,5.0600000000000005,4.46,16.146455500000002,17.684704,1.3900000000000001,1.7013500000000001,11.334,1.501,0.24555,0.09167,0.7928,0.022349998,72.999,1.072,2.324,0.0217,1.56,1.52,1.79,0.022803487,0.308,4.028385,1.2566905
62,Information Technology Services,95,260476081413.1321,1175054090472.1943,1464963414230.8093,5558913.0,0.3223,0.10223,0.149795,0.075500004,0.11,0.135,5.13,2.81,14.145755,23.090492,1.355,1.1696499999999999,11.586,1.97,0.15195,0.0570249985,0.49533,0.12714,29.5565,1.312,1.604,0.016900001,2.5,1.81,1.3599999999999999,0.0142591005,0.113,3.1373353,1.6889462
63,Infrastructure Operations,8,7166730935.484705,79899293864.39261,33288764132.9202,103790.0,0.55657,0.118845,0.39649001,0.0831050015,4.807,0.192,0.575,0.445,26.982917,32.040813,6.38,,12.011,3.782,0.0691949985,0.0143,0.55771499,0.062865,128.2755,1.4175,2.0985,0.031100000000000003,0.485,0.575,3.25,0.031061817000000002,1.961,2.1853578,2.6362906500000003
64,Insurance Brokers,13,15603386724.128136,240847538920.6545,60960108458.71338,216855.0,0.43956003,0.13078,0.16779,0.10802,0.11750000000000001,0.072,2.58,2.16,19.92,27.666666,2.355,1.7935,16.513,4.567,0.13928000499999998,0.0423400015,0.75655,0.14343001,76.305,1.077,1.4100000000000001,0.0145000005,2.24,2.09,1.61,0.013501875,0.1105,3.8584151,4.141471
65,Insurance—Diversified,39,120373013045.58035,1351744464283.2878,1097577716158.5055,1116460.0,0.2759,0.08312,0.097075002,0.08055,-0.054,-0.0565,5.155,3.98,7.8298559,10.790729500000001,1.1749999999999998,1.87375,5.3445,0.443,0.11336,0.00961,0.45424,0.0763,42.004000000000005,0.993,1.644,0.0472,1.2650000000000001,1.5225,4.41,0.045584416,-0.064,1.0344168,0.6932594
66,Insurance—Life,45,142217706935.6218,882648690541.5482,1795978075009.5764,1140887.0,0.23976499499999998,0.09426,0.09802,0.0616,-0.179,-0.099,5.734999999999999,5.12,7.7255363,8.9689975,0.41,1.97655,2.828,0.41,0.09891,0.0054400004,0.36917,0.13098,42.575500000000005,1.0550000000000002,1.884,0.0419,1.5,1.24,3.24,0.036056185500000004,-0.2055,0.997723615,0.60445166
67,Insurance—Property & Casualty,53,52926153124.81475,549798241964.5646,549086745526.81085,722949.0,0.19978,0.06776,0.08522,0.043420002,-0.367,-0.032,4.16,1.4,11.00256,13.635789,0.815,1.4217,8.17,0.983,0.06398,0.011849999,0.70942,0.0446900015,34.189,0.466,0.727,0.028649999500000002,1.1800000000000002,1.24,2.755,0.026956523,-0.38,1.18776,0.9764552
68,Insurance—Reinsurance,12,6804313185.349345,109821683318.85773,201539462349.6078,72929.0,0.097165,0.053545,0.048449997,0.037664998500000005,-0.061,-0.0375,10.75,2.135,6.5947056,12.986323500000001,0.545,0.9338,10.72,0.5305,0.034749999,0.00518499985,0.5217949749999999,0.045810000000000003,43.414,0.7515000000000001,1.4449999999999998,0.0305,3.2,2.92,2.64,0.03051882,-0.304,1.0354766199999998,0.524448975
69,Insurance—Specialty,22,11204171921.024067,66631797570.907646,51341610556.69287,145808.0,0.38969,0.150955,0.169724995,0.10113,0.012500000000000011,-0.016,2.75,2.13,7.2897681500000004,10.137732,0.57,,4.9965,3.0485,0.10814,0.02379,0.817185,0.053765,30.551499999999997,0.8240000000000001,1.6505,0.0227,1.0,0.975,2.04,0.0207233235,0.0020000000000000018,1.1247895,3.0817404
70,Integrated Freight & Logistics,38,89701311116.62294,508079587834.3452,782375632978.0071,2518602.0,0.190555,0.06865,0.10414499999999999,0.052070000000000005,0.5780000000000001,0.255,7.0,3.92,14.30897,15.70098,1.11,1.8547,7.9605,0.8875,0.236624995,0.0719550025,0.33113,0.181525,65.291,1.1475,1.2505000000000002,0.0223,1.74,1.25,1.34,0.01880223,0.571,2.96442805,0.7457331250000001
71,Internet Content & Information,70,333981216714.8635,2404241283381.6323,1388515341922.0735,682779.0,0.56744,-0.0109700005,0.03973,-0.02499,-0.113,0.14100000000000001,0.56,0.015,12.454212,21.083334,-0.06,1.3232,3.056,1.657,-0.02438,-0.0064700004,0.499104985,0.09387,20.454,1.8495,2.136,0.0134000005,1.64,1.47,1.025,0.02173913,-0.136,1.8005542,1.85599675
72,Internet Retail,52,228077520798.34738,2155229553908.6738,2782835934721.7554,2796830.0,0.43123,-0.00364,0.0146600005,-0.00657,-0.009,0.125,0.94,-0.055,3.06383,27.1487945,0.16,1.53925,0.5935,0.941,-0.0323649985,-0.0054699997,0.540945,0.19816,46.4995,1.037,1.717,0.0199,4.5,2.65,1.605,0.018458365,-0.086,3.033493,0.96060175
73,Leisure,35,87056541951.87625,183780899181.93732,665112140541.8544,285780.0,0.40776002,0.09391,0.12962,0.07265,-0.112,0.174,2.45,1.33,11.323076,17.723785,0.41,1.6553,9.918,1.879,0.12842,0.050820000000000004,0.57061,0.133285,56.885999999999996,1.007,1.94,0.0149,2.6,1.65,1.2349999999999999,0.020866143,-0.066,2.3405903500000003,1.3334278
74,Lodging,20,8267970713.444775,158063798537.2061,38065889276.933975,468349.0,0.46365,0.058454997499999994,0.196269995,0.0542149985,0.609,1.021,1.86,0.35625249999999997,21.963562,26.9703615,0.65,1.0353,32.283,7.4565,0.0030350000000000004,0.0061500002,0.380545,0.28397,112.54849999999999,1.0899999999999999,1.2395,0.013999999999999999,0.82,0.938,0.32,0.0082957465,0.48,3.92814635,4.0581578
75,Lumber & Wood Production,5,5603904066.6121025,20774320511.96571,23035464515.83895,33716.0,0.39304,0.094280005,0.10609999,0.0686,0.23149999999999998,0.074,9.12,9.07,12.405219,9.6318657,-10.735,,8.607,1.453,0.30481999000000004,0.15892499999999998,0.83318,0.039130002,57.404,1.6115,3.1085000000000003,0.012999999,1.04,0.995,1.05,0.0111318225,0.23149999999999998,3.0162652,1.336796
76,Luxury Goods,19,73026490824.11621,800489266055.0364,296879637661.4475,565689.0,0.65492,0.17546,0.20344,0.10739,0.030000000000000002,0.204,9.72,5.45,9.876115,17.744791,0.775,1.3258,11.258,1.741,0.24186501,0.0857750025,0.27506,0.41902,74.293,0.9305,1.7605,0.01935,2.2,2.325,1.58,0.017341316500000002,-0.055,4.0111445,1.5419258
77,Marine Shipping,42,139285945450.27734,222765990595.891,309443232837.5226,253604.0,0.541615,0.39380999,0.45879000000000003,0.342995,1.1715,0.4275,7.015000000000001,4.715,3.2695929,2.2643082,0.035,,4.305,1.854,0.31186,0.08326,0.24877001,0.28646999,62.138,1.339,1.758,0.0744999975,2.7,2.11,3.25,0.081003584,1.3285,0.9940593500000001,0.9235793050000001
78,Medical Care Facilities,60,42178154933.36406,318937852730.14264,286895689830.11456,1709550.0,0.3026,0.08392999,0.11838,0.047235001,-0.23,0.087,1.455,1.38,14.448231499999999,22.974932,1.21,1.3034,13.8015,1.955,0.084615,0.0347400015,0.743225,0.093710005,78.03200000000001,1.147,1.372,0.0137,0.8,0.8,1.3199999999999998,0.017706422,-0.2485,3.0984211,1.0603669
79,Medical Devices,118,54865228795.8779,905612668300.4833,254610388248.29312,724095.0,0.594815,-0.14812,0.01235,-0.0611400025,-0.0645,0.118,-0.21,-0.3845,-0.88500005,33.427536,0.99,2.6075,-0.222,4.3525,-0.1011350005,-0.062139999,0.69847,0.046189998499999996,31.8045,2.731,4.0595,0.012549999499999999,0.9299999999999999,0.9299999999999999,1.04,0.013078540999999999,-0.06,3.2811484,4.6525802
80,Medical Distribution,11,14813213558.50863,133859238945.89148,793997010671.0879,315331.0,0.13629,0.03221,0.03743,0.01559,0.132,0.08,3.625,2.045,13.154356,16.788462,1.5150000000000001,1.6029,12.301,0.5,0.140015005,0.0374,0.84837997,0.03014,76.577,0.51,1.306,0.01895,1.44,1.6275,3.01,0.019961865999999998,0.14,2.27277275,0.38334402
81,Medical Instruments & Supplies,59,47773135765.508484,652065762045.2316,179921328386.92642,765697.0,0.546585,0.146880005,0.21715000499999998,0.11643000249999999,-0.176,0.103,2.41,1.225,20.707617,37.234783,2.76,3.1968,14.411,4.2330000000000005,0.1024,0.049075,0.76405996,0.04674,33.12,1.653,2.6355000000000004,0.0114,1.25,1.25,0.95,0.0086988635,-0.149,3.3446693,3.71190415
82,Metal Fabrication,21,7542787372.367187,27592026368.146503,81362369126.52748,186870.0,0.22870001,0.07895,0.12861,0.06255,0.09,0.368,3.455,2.08,9.5970945,11.963269,0.52,1.1952,8.257,0.917,0.08752,0.043770002,0.82584,0.051409997,54.611,1.054,2.153,0.01965,0.8400000000000001,0.76,2.18,0.02173054,0.078,1.4993585,0.7923106
83,Mortgage Finance,16,8453036960.0,108956191241.49638,95503248425.04387,89035.0,1.0,0.480245015,0.41136001,0.24059999,-0.007500000000000001,-0.228,5.71,7.26,6.410766150000001,6.107143,-0.06,,6.6155,4.0595,0.278455,0.03178,0.58179003,0.057499999999999996,393.144,0.502,2.3045,0.0208,2.4,0.4,1.435,0.055555552,-0.01,0.76072335,0.986761
84,Oil & Gas Drilling,8,2498926373.9889092,18730170721.217033,11053350101.169752,34819.0,0.263745,-0.07429,0.16939000999999998,-0.16562,,0.45399999999999996,0.0049999999999999975,-2.326,-2.703932,13.22977955,-43.765,3.5037,14.813500000000001,2.6395,-0.10875,-0.01835,0.68395998,0.03338,65.5845,1.336,1.6265,0.0178000005,0.58,0.56,3.87,0.016408712,,1.5409225,1.99197065
85,Oil & Gas E&P,96,231664898344.28308,1043630298772.5847,480567873368.5294,101060.0,0.7292,0.34844002,0.52002996,0.26173002,1.955,0.927,4.62,2.27,4.6981218,6.9711285,0.195,0.4675,4.423,2.369,0.2643,0.110375,0.51588,0.042090002,40.174,0.6575,0.8865000000000001,0.0271,1.0,0.51,2.9349999999999996,0.019559229,2.297,2.0138888,1.899161
86,Oil & Gas Equipment & Services,47,20197826538.92377,186329398745.70352,134720074657.96387,425763.0,0.20396,0.01941,0.08563,-0.01467,0.7410000000000001,0.2465,0.7,-0.451,12.729411,30.0084695,0.45,0.5558,10.079,1.284,0.000415,0.00897,0.78742,0.07353,47.848,1.158,1.928,0.019,0.44,0.30500000000000005,2.93,0.012781097,0.913,1.3125588000000001,0.8322531
87,Oil & Gas Integrated,35,2338215131243.653,4254886906096.7295,11422578413856.514,2095482.0,0.30487,0.13748,0.19814,0.099020004,1.2745,0.771,5.935,5.03,5.16708165,5.4529734,0.215,3.5734,2.782,0.626,0.17923,0.08638,0.07841,0.06113,45.751,0.779,1.307,0.0503,1.95,0.9095,4.6899999999999995,0.0268207575,1.3399999999999999,0.856624695,0.45713785
88,Oil & Gas Midstream,58,89007408601.99246,599072855464.0875,525303313801.71356,93040.0,0.384165,0.193294995,0.32664499999999996,0.072739996,0.136,0.4265,1.97,1.135,10.903234,15.3651605,0.99,1.6372,11.404499999999999,4.0905000000000005,0.0847749975,0.04359,0.45691000000000004,0.17441,134.616,0.847,1.117,0.06305000250000001,1.44,1.3599999999999999,8.280000000000001,0.063837245,0.1605,1.673815,1.8927280999999998
89,Oil & Gas Refining & Marketing,38,104589359630.56631,562131537923.4131,1411113555803.0095,449012.0,0.116115003,0.063485,0.0806,0.039035,0.98,0.734,2.975,3.3600000000000003,10.35305,8.297203,0.26,0.2221,5.4475,0.416,0.25226,0.0591,0.3419,0.20268499499999998,103.759,0.773,1.277,0.0428,2.1,1.735,3.9,0.039633956,0.98,1.86158915,0.276586525
90,Other Industrial Metals & Mining,49,299826753777.0416,726336791335.9766,778045267721.7635,475821.0,0.45215499000000003,0.30584,0.43201,0.236870005,0.531,0.2075,1.6,1.16,6.6893987,7.99284,0.42,1.1661,3.292,1.923,0.116764995,0.0583500015,0.24319,0.096,18.046999999999997,1.919,3.4675000000000002,0.0583,1.41,1.085,4.195,0.044062658000000005,0.53,2.29502715,2.047062
91,Other Precious Metals & Mining,16,5654088162.766784,24898112708.289707,14123837133.219297,24966.0,0.43021,0.134050005,0.33542,0.18513499,-0.437,-0.1255,0.13,0.034999999999999996,5.9250419999999995,25.5809395,0.33,,2.781,2.325,0.01587999998,0.01135,0.23487999999999998,0.17616,4.779,2.707,3.3055000000000003,0.0273,0.26,0.19,3.69,0.0139047615,-0.404,1.6798749,2.08948115
92,Packaged Foods,101,100991290678.27629,1456380322065.239,710973290284.065,2008839.0,0.29686,0.08227999999999999,0.114325,0.051550001,0.083,0.16,3.07,1.84,15.569132,22.6278505,1.5,2.597,11.8295,1.5805,0.0993,0.04355,0.38549,0.2022,64.118,0.834,1.722,0.024300002,2.16,1.6800000000000002,1.935,0.0231790765,0.07450000000000001,2.1065515,1.18296045
93,Packaging & Containers,33,27052749403.51315,166097550822.15323,188408012651.2567,494258.0,0.23045999,0.096920006,0.14373,0.05544,0.304,0.196,2.92,1.9500000000000002,10.220359,14.697509499999999,0.9299999999999999,1.6927,9.824,1.449,0.16302,0.04981,0.57041,0.05878,80.322,0.873,1.476,0.02435,0.8400000000000001,0.7,2.58,0.025247688,0.31,2.5591919499999998,0.87131697
94,Paper & Paper Products,20,33938459416.42612,221548521225.05103,95295588645.80966,144868.0,0.34596,0.132555,0.17896,0.094990002,1.006,0.3,3.66,2.59,9.912162,8.778195,0.9750000000000001,,7.822000000000001,1.2875,0.1464,0.06628,0.46651,0.20688,81.646,1.137,2.123,0.02745,0.93,0.5765,3.635,0.036611771,1.0075,1.34842315,0.9022161049999999
95,Personal Services,16,4992917824.531939,55813961476.47279,25231785380.51409,124676.0,0.438355,0.117085,0.14975,0.060465000000000005,-0.109,0.11499999999999999,1.59,1.07,15.403226,16.615942,0.84,0.9621,10.4475,2.5279999999999996,0.1785,0.047665,0.88369,0.0290750005,146.893,0.7255,1.0585,0.0162,1.0,0.96,1.38,0.01548387,-0.07200000000000001,4.18206225,1.56652955
96,Pharmaceutical Retailers,12,6946598264.970323,57424619436.69947,191238140633.43066,474235.0,0.242600005,0.040224999,0.059540001499999995,0.027180000000000003,0.199,0.08299999999999999,4.67,3.435,17.386555,22.114218,1.32,,12.013,0.6745,0.13895500500000002,0.049114999,0.465545,0.185109995,52.921,0.5175000000000001,1.173,0.0174,5.28,8.3875,1.565,0.0130856705,0.198,2.9838479,0.6798559
97,Pollution & Treatment Controls,9,1616593377.6210222,20511956564.497013,29643763572.52956,21767.0,0.31158,0.06358,0.14553,0.06523,0.146,0.166,1.03,0.47,16.745764,41.060604,1.4449999999999998,1.084,14.201,2.7024999999999997,0.09345,0.037809998,0.65565,0.101619996,48.19,1.324,2.671,0.010299999,0.36,0.36,1.09,0.009141697,0.128,2.8246448,2.1840046
98,Publishing,14,7536043862.131759,85652885207.13953,28130348110.304085,125077.0,0.5018,0.1008799975,0.148735,0.07331500299999999,0.21100000000000002,0.14450000000000002,5.45,1.96,12.1787775,21.56592,0.88,2.3611,9.8345,2.057,0.09929,0.042280003,0.548945,0.093295003,36.195,0.635,0.805,0.0197,0.8,0.556,2.035,0.01192076275,0.3175,2.2413559000000003,1.95464945
99,REIT—Diversified,44,16391348139.25138,167642466628.80267,27725541833.785378,12734.0,0.738135,0.5539300149999999,0.59047,0.41659499,0.349,0.1005,0.78,0.62,17.615385,17.100649,2.22,7.3100000000000005,17.93,10.3765,0.07835,0.024740000999999998,0.676345,0.01661,75.617,1.0045,1.9045,0.0579,0.75,0.6935,5.155,0.047624070000000004,0.503,1.3038638,5.26716275
100,REIT—Healthcare Facilities,19,49612539530.24217,117157705350.48329,19458644157.032764,20367.0,0.85059,0.36105,0.694125,0.15956001,-0.106,0.071,1.0150000000000001,0.44,24.178336,45.006256,2.88,0.8433,19.506,12.8,0.04565,0.02795,0.84183997,0.010629999,95.309,1.146,2.505,0.051949999,1.2,1.2,4.93,0.051420838,-0.067,1.9007345,7.9709272
101,REIT—Hotel & Motel,17,4475103698.498834,39990433341.43446,17722855622.594036,1239.0,0.30181998,0.06294,0.24165002,-0.02214,2.162,0.835,0.35,-0.748,18.3308145,37.347828,-0.465,,15.74,3.928,0.01836,0.0080699995,0.89906996,0.021359999,97.5725,1.374,1.927,0.0166,0.16,0.04,5.21,0.00457480035,9.7575,0.84663117,1.9693285
102,REIT—Industrial,30,15431039398.943264,336785464241.71924,25687118109.169273,37618.0,0.74535,0.47874002000000004,0.69211998,0.63686,0.081,0.1965,1.22,2.275,30.50236,21.054853,3.02,4.6122499999999995,24.465,15.974499999999999,0.11093999800000001,0.025325,0.792815015,0.01423,65.56049999999999,0.6405000000000001,0.9135,0.0316999985,1.15,0.9950000000000001,3.41,0.0292371985,0.187,1.9706975500000001,11.5588735
103,REIT—Mortgage,34,,62017628788.0,13307752414.0,14897.0,0.95912,0.60639,,0.530835,-0.036,-0.089,1.45,0.7250000000000001,7.825768249999999,9.5101845,0.37,0.177,,26.7895,0.05898,0.011360001,0.538405,0.018500000500000002,354.7125,5.0565,5.2455,0.121700004,1.32,1.2,11.32,0.116279066,0.131,0.85785908,5.1197248
104,REIT—Office,32,12206370876.212278,128985172535.75334,22629361509.68768,13231.0,0.653279985,0.242565005,0.586085,0.28987,0.0825,0.098,0.605,0.66,19.654546,20.1702505,2.1,3.1692,18.7185,9.836,0.061445,0.0146850005,0.865234975,0.018295,75.906,1.1869999999999998,1.6885,0.049000002,1.1,1.1,3.8,0.0497561,0.088,0.890269675,4.820093
105,REIT—Residential,22,12955358954.152002,246671300212.0235,26113546245.172333,33209.0,0.5946699799999999,0.20054,0.512195,0.17346499999999998,-0.033,0.1435,0.55,1.0270000000000001,39.13333,39.862293,2.11,2.4216,24.4015,12.812000000000001,0.049450001,0.016965,0.954555,0.013090000000000001,97.3955,0.323,0.9525,0.030600000000000002,1.72,1.483,3.1950000000000003,0.0297581175,-0.0735,2.590669,9.640245
106,REIT—Retail,42,20602295092.20483,246177071688.52432,33711831410.251408,18214.0,0.7079050250000001,0.40057999,0.628440015,0.27427,0.197,0.0665,0.95,0.5900000000000001,18.436787000000002,26.076925,2.4450000000000003,4.510999999999999,17.7165,11.9315,0.05201,0.0243149995,0.72195,0.021670000000000002,83.891,0.8325,1.0965,0.0466,0.915,0.812,5.21,0.04800366,0.263,1.253082,6.8757302
107,REIT—Specialty,18,27077825168.0,400141553408.0,56971558248.0,80208.0,0.6444300000000001,0.31027499000000003,0.44153,0.232845,-0.227,0.0955,1.795,1.74,24.3956595,24.7848865,3.07,3.0727,17.132,9.7965,0.146685,0.037455,0.9075249999999999,0.00875,150.87,1.123,1.4095,0.0379,2.47,1.73,3.66,0.035446886,-0.069,2.45228375,5.4907637000000005
108,Railroads,28,54723644794.60606,591995370370.1948,182048581825.6447,664297.0,0.26680499,0.109110005,0.22639999,0.04464,0.052,0.242,2.91,1.11,16.095379,33.51131,2.5999999999999996,1.8262,14.437999999999999,5.232,0.03995,0.01272,0.46174000000000004,0.066464999,120.4525,0.683,1.1564999999999999,0.01335,1.0,0.9,1.7,0.018642804,0.060000000000000005,1.9060435,2.9378668
109,Real Estate Services,68,21292033838.090374,1890470181201.7573,217671831886.07428,599946.0,0.683859985,0.195625,0.42614999,0.19996999,0.16299999999999998,0.178,1.43,1.2149999999999999,10.593952,12.899666,0.89,1.6682,17.763,9.363,0.08443,0.01977,0.4361,0.30276000999999997,76.581,0.8654999999999999,1.2919999999999998,0.028800001,0.81,0.815,2.75,0.026681941,0.167,1.2035915,5.20257475
110,Real Estate—Development,34,96873731517.43518,267948132481.15976,581929799409.5973,639483.0,0.31427999,0.185055,0.193865,0.13862000000000002,0.105,0.211,4.125,2.295,11.3460185,11.126214,1.07,0.7612,14.8185,4.878,0.07461,0.01792,0.12648,0.66152,71.7465,0.478,1.759,0.04105,0.75,0.7849999999999999,4.24,0.0468041085,0.107,0.77767463,2.77492405
111,Real Estate—Diversified,20,11834601171.818169,102350477638.91283,63315749967.51505,104631.0,0.418345015,0.22766,0.30677,0.20466499500000002,0.428,0.146,3.05,0.96,12.418141,13.743205,1.13,1.9074,16.775,7.4895,0.0527350025,0.016335000500000002,0.34912001000000004,0.32938501,68.519,0.5855,1.659,0.021300001,0.86,0.715,3.66,0.0367417875,0.36450000000000005,0.840937075,2.61778705
112,Recreational Vehicles,14,7286296724.0,35152038192.0,57559621049.0,119542.0,0.25488,0.137385005,0.15387,0.08930001,0.359,0.276,9.24,6.65,6.5498223,8.784962,0.48,0.8674,5.111,1.0234999999999999,0.34789501,0.13822,0.93584996,0.044505,53.7565,0.8500000000000001,2.04,0.02075,1.27,1.03,2.1500000000000004,0.020203375500000002,0.5215,2.119918,0.7946076
113,Rental & Leasing Services,29,32281894383.247246,150210262339.81158,112395369471.50989,230212.0,0.45026,0.21632,0.25929,0.11146,0.314,0.16,5.48,2.79,7.7116325,11.566336,0.515,0.9207,9.295,2.772,0.135395,0.04889,0.85542,0.03086,252.879,0.885,1.474,0.033299997,1.36,1.1,2.495,0.027987743,0.361,2.0974467,1.4474558
114,Residential Construction,28,36503543728.895355,137911345230.73544,200210094562.42532,145810.0,0.24920999500000002,0.16916,0.17406000500000002,0.124175002,0.496,0.111,14.385,6.4350000000000005,4.5658107999999995,5.8746585,0.39,1.1223,4.3955,0.752,0.24331,0.104595,0.85762,0.06511,39.504,0.661,5.269,0.040000001,0.8500000000000001,0.875,1.23,0.013837327,0.463,1.2542434999999998,0.657679585
115,Resorts & Casinos,26,12484526189.497047,139151671661.9062,64957470205.324165,386193.0,0.50231,0.150235,0.23537999999999998,0.067855004,0.065,0.0895,1.01,0.98,12.798102,14.857371,0.48,1.43585,11.221499999999999,3.4595000000000002,0.06205,0.022850001,0.662450015,0.20783001,236.027,1.655,1.911,0.024600001,0.6,0.3,2.135,0.013234516,0.071,2.20986055,1.55444735
116,Restaurants,51,32783243325.309532,555552206168.4541,180097872499.77405,2130101.0,0.25120002,0.07179,0.109050005,0.04186,-0.15,0.14,1.67,1.33,14.622663,22.5981205,1.35,2.0065,15.421,2.157,0.1144,0.045035001,0.8077300000000001,0.042969999999999994,154.41449999999998,0.6955,0.8745,0.0213,1.1400000000000001,0.93,1.88,0.015786606,-0.19,4.4050247,1.7100143
117,Scientific & Technical Instruments,34,14875817376.704895,270893414520.27994,57463659663.876114,205329.0,0.46845000000000003,0.12839,0.207215,0.11998,0.133,0.099,2.8,1.59,16.5983685,27.076284,1.71,1.6011,14.43,3.927,0.08762,0.038540000000000005,0.82576,0.02776,27.9985,1.9085,2.9615,0.00934999975,0.66,0.66,0.42,0.0044792848,0.156,2.67223395,4.0891085
118,Security & Protection Services,19,7068917294.756836,72452116274.64725,40098984990.58662,457275.0,0.31846002,0.08058,0.12439,0.04078,0.092,0.15,1.41,0.96,11.221675,18.1040385,1.445,1.476,7.352,1.3105,0.08779500200000001,0.0376,0.68906,0.07563,40.227,1.189,1.787,0.0208,0.9,0.8975,1.58,0.01948745,0.074,1.5905455499999999,1.06405575
119,Semiconductor Equipment & Materials,38,42581253394.49944,620118966383.7369,135430390791.52098,244091.0,0.461075,0.240860005,0.29725499,0.214135005,0.3085,0.26249999999999996,4.945,3.49,13.873366749999999,22.911766,1.2149999999999999,1.3026,12.2035,4.0415,0.23302,0.1018750025,0.726190015,0.042190001000000005,13.656500000000001,2.382,3.479,0.012,2.5,2.22,1.2999999999999998,0.011688733,0.313,4.426181,3.9041280499999997
120,Semiconductors,71,1719808925663.021,2209092245937.9404,3247066986611.548,918600.0,0.50556,0.18751,0.28315999999999997,0.17452998,0.454,0.249,3.8049999999999997,2.4,11.7383195,15.528139,0.9,1.0220500000000001,6.945,2.669,0.20531,0.08677,0.668605,0.03365,26.345,1.969,2.941,0.0231,2.88,2.97,2.44,0.021474754,0.488,2.62848445,2.7386892
122,Silver,6,954913907.5378397,7323944065.945376,3195735040.0,7110.0,0.33471499,0.164769995,0.36818,0.084,-0.541,0.138,0.33,0.051000000000000004,9.948719,22.8,-0.805,,2.906,1.8290000000000002,0.038584999,0.024065,0.36704,0.026715,1.404,2.8315,3.6,0.0111,0.03,0.025,0.815,0.01146789,-0.5115,1.3086924,1.8117857
123,Software—Application,232,-24048223104.360283,1692693182614.9521,470347258008.89984,960580.0,0.65366995,-0.05673,0.011875,-0.074550005,0.028499999999999998,0.211,0.32,-0.2985,15.138686,48.058823,1.84,2.0697,0.919,4.672,-0.10592,-0.019564999,0.69618,0.08963,25.46,1.665,1.889,0.0146500005,0.985,0.6,1.28,0.010956904,0.043,4.019614000000001,4.936053
124,Software—Infrastructure,152,146276557977.98972,3163657482903.877,455054245866.98004,948609.0,0.67927,-0.021955,0.0604900015,-0.040445000999999994,0.069,0.211,0.53,-0.161,15.430071,31.369232,1.6549999999999998,1.9698,9.925,4.5515,-0.06101,-0.0051199999999999996,0.76295,0.069645,40.6255,1.3775,1.6125,0.0182,0.63,0.76,1.7149999999999999,0.016998671,0.056,4.288449,4.2827392
125,Solar,18,3390235585.48958,94590951589.96754,78875123914.3353,82370.0,0.16864,-0.059335,-0.015550000000000001,-0.0620750025,-0.46799999999999997,0.40549999999999997,0.66,-0.358,21.7957,68.32973,0.69,1.2027,-3.757,3.2005,-0.11095,-0.023014999,0.48840499000000004,0.0829449975,112.15350000000001,1.019,1.726,,,,,,-0.4595,2.2854404,2.5933196499999998
126,Specialized Health Services,1,4190421.0,57660436.0,29710838.0,83.0,0.65588,0.09363,0.14104,0.056750003,-0.5,0.059,0.03,0.18,225.33334,37.555553,,,13.117,1.85,0.40096,0.030580001,0.09020001,0.51088,25.57,0.51,0.656,,,,,,-0.458,12.876191,1.9085575
127,Specialty Business Services,42,20739441552.77327,320890166184.1965,139102614349.38052,1689090.0,0.35426,0.112565005,0.15489,0.07311,0.227,0.136,2.715,0.865,13.05512,25.75,1.5,1.9665,11.609,1.762,0.12556,0.03977,0.67996,0.05034,78.15,1.1295,1.3559999999999999,0.0184,1.06,1.0390000000000001,1.79,0.01497362075,0.2445,2.7738944,1.7289051999999998
128,Specialty Chemicals,114,182516857361.32834,1113296344298.4426,898853348561.2556,1114457.0,0.31892498999999996,0.128,0.16816,0.08457,0.1755,0.189,6.22,4.74,11.61757025,18.739960500000002,1.085,1.6685,9.7695,1.621,0.14407,0.059499998,0.55346,0.087785,52.3,1.127,1.933,0.0171,2.02,1.62,2.065,0.019070735,0.175,2.5506319,1.3597335
129,Specialty Industrial Machinery,126,95101166873.70723,1339576791581.8262,706700272008.3488,2580450.0,0.33888,0.09175,0.12546000499999999,0.07132,0.099,0.109,4.67,2.8095,15.5024635,25.447370499999998,1.69,1.6366,13.722,2.1725000000000003,0.12675,0.045195001,0.62571,0.0597,44.533,1.007,1.654,0.0153000005,1.15,1.02,1.49,0.014018691,0.095,3.24523485,1.87716165
130,Specialty Retail,67,41619092621.33428,438606868854.60803,430953958636.76245,1122915.0,0.35069,0.07111,0.08856,0.053540003,-0.082,0.06,3.68,1.805,8.497619,15.8117595,0.6699999999999999,1.2243,7.519,0.95,0.16283001,0.06272,0.70445,0.08216999999999999,103.454,0.6575,1.5025,0.0228,2.25,1.585,2.23,0.0189112695,-0.064,2.6312642000000004,0.71649873
131,Staffing & Employment Services,26,15906325829.644167,257855395692.10547,135579918819.41605,414883.0,0.29253998,0.06263,0.07556,0.043319996,0.155,0.179,4.41,2.895,12.192589,16.5,0.86,1.6616,8.072,0.73,0.20654,0.0670549975,0.88051503,0.056029999999999996,32.352000000000004,1.3385,1.471,0.0211,1.2,1.1600000000000001,1.86,0.018769024000000002,0.162,3.4533615,0.745224
132,Steel,51,13756272046533.031,273774589677.05292,87405509708010.2,795613.0,0.31516,0.1975,0.23646,0.12662,0.28,0.266,5.57,9.15,6.23394435,4.18473195,0.075,6.22705,3.029,0.602,0.30675,0.15679500000000002,0.15077,0.53396,34.14,0.9385,2.0460000000000003,0.0304,2.6,1.334,2.445,0.030236377000000002,0.286,1.1370615,0.39407232
133,Steel & Iron,1,18472108.87687046,230054609.51091132,177113926.60308212,1516.0,0.20292,0.08911,0.1043,0.086969994,-0.395,0.294,22.6,4.34,2.8716815,14.953917,,,14.514,1.514,,,,0.97731,29.072,,,,,,,,-0.399,1.5282815,1.2989075
134,Telecom Services,121,14467295527910.525,3469186966079.0625,58295004825716.06,3753115.0,0.51585,0.14740999999999999,0.32188999,0.1013350025,0.038,0.0495,1.08,1.141,13.232324,14.138946,0.8049999999999999,1.1486,8.0755,2.524,0.118925,0.04171,0.26635,0.29730499,109.496,0.665,0.892,0.040999999999999995,0.94,1.31,4.205,0.044217687,0.057,1.9581478,1.3710944
135,Telecom Services - Foreign,1,6760999936.0,23389724672.0,39155998720.0,101962.0,0.51827997,0.03489,0.17267,0.01364,-0.959,-0.008,0.36,0.289,11.25,14.013842,0.19,,11.045,1.907,0.029000001,0.0076,0.012200001,,154.707,0.664,0.916,0.089499995,0.4,0.4,7.59,0.09756098,-0.959,1.9565219,0.59821904
136,Textile Manufacturing,11,2529335644.891715,15169948602.45361,22240605446.2389,97631.0,0.25474,0.07003,0.10092,0.04937,0.786,0.18,13.29,6.61,8.389767,13.294197,-2.77,1.2567,7.736,0.897,0.0572,0.0301,0.14998,0.53131,59.018,1.085,2.689,0.01635,0.9199999999999999,0.915,2.0,0.0286503125,0.775,0.96200544,0.5389028
137,Thermal Coal,15,29101308196.776127,200300399340.44055,98414564830.3737,363246.0,0.39768,0.23132,0.33333,0.1894,2.647,0.77,11.92,8.78,6.8887065,6.87457575,-0.21500000000000002,,5.462,1.576,0.24812001,0.08721,0.23927,0.51887,25.386499999999998,1.826,2.478,0.0655,1.3,1.2,6.255,0.032566216,2.667,2.2140884,1.5650926
138,Tobacco,18,55342147592.85218,459591143028.1112,137861110054.05936,315129.0,0.46749499,0.24475999,0.28433,0.15031,-0.003,0.0645,3.97,2.6,8.840864,13.139108,1.8,7.450900000000001,8.4735,2.975,0.118375005,0.07309,0.256910005,0.056775,9.817499999999999,0.807,1.967,0.0623500025,3.46,2.18,5.755,0.061565697,-0.002,2.83844305,1.7984672
139,Tools & Accessories,20,10597633814.223637,104679872740.70349,74005136838.32697,278602.0,0.360255,0.1176200025,0.137685,0.08007500000000001,0.2015,0.1345,7.13,6.225,13.012805,21.69198,1.29,1.43875,12.494,1.763,0.13695,0.05683,0.466395,0.10832499999999999,45.608,0.7845,1.832,0.015800001,2.24,2.0,1.84,0.022514071,0.23149999999999998,2.4042950000000003,1.36878595
140,Travel Services,20,-953360791.8335354,254380205082.3801,96089218117.57321,382791.0,0.48261,-0.051899999,0.0072900000000000005,-0.083850002,0.7805,1.131,1.66,-0.5795,11.426829,61.667448500000006,0.33,0.37434999999999996,5.6240000000000006,3.0365,-0.04161,-0.01043,0.6747350299999999,0.11589,114.1165,0.853,1.0,0.0321,1.0,0.975,3.69,0.033496074,0.7685,5.4518485,1.7852161500000001
141,Trucking,16,8563949713.05555,68813770075.35559,53089546520.67873,221996.0,0.202455,0.092085005,0.15158,0.07296,0.499,0.2855,3.535,4.12,10.82678375,9.614857,1.06,4.1809,6.1465,1.1124999999999998,0.22215000000000001,0.080129996,0.59964,0.29001500999999996,32.578,1.487,1.582,0.0112,0.48,0.42,0.83,0.010062893,0.478,1.8629671,0.924406385
142,Uranium,6,487621933.0,17779079680.0,2152569284.0,1129.0,0.31021,-0.69119,-0.64392996,0.03561,2.177,0.5700000000000001,-0.03,0.030000000000000002,-50.0128215,144.3,2.47,,-39.335,45.663,-0.00882,-0.036485000000000004,0.36768,0.016915,7.182,5.8075,9.3495,0.0033000002,0.09,0.08,1.01,0.0028021017,2.224,3.8227148,45.72696
143,Utilities—Diversified,34,104469299410.05663,480911877108.07385,732213929904.7473,685356.0,0.26288,0.145880005,0.2438,0.0775699975,-0.048,0.381,1.79,1.77,16.528456,18.087714499999997,2.75,2.4703,12.063500000000001,2.691,0.09236,0.02645,0.44455,0.07132,119.341,0.6225,1.0495,0.0366,1.12,1.166,3.58,0.035198850500000003,0.152,1.86073565,1.4340803
144,Utilities—Independent Power Producers,22,111760325859.02151,249416937224.49927,556840612048.0499,163974.0,0.30321999,0.14881500250000002,0.187725,0.066795,0.157,0.358,2.34,1.9969999999999999,9.644186,14.151316,1.4,0.8291,12.117,2.5715,0.06895,0.02409,0.19856500500000002,0.47178,154.164,0.513,1.119,0.0342,1.255,0.815,4.23,0.03581267,0.20850000000000002,1.7878997,1.08775375
145,Utilities—Regulated Electric,59,-8087672438417.809,1257991172898.4998,64548342112810.82,567780.0,0.40320998,0.20448999,0.33043,0.12121,0.101,0.172,3.25,2.33,17.842695,19.397028,3.065,3.4388,12.573,4.303,0.089349995,0.027285,0.53606,0.00450499985,142.54,0.46499999999999997,0.858,0.03475,1.8250000000000002,1.76,3.78,0.03239241,0.104,1.9015448,2.4383869000000002
146,Utilities—Regulated Gas,31,31925318033.93936,241596424388.25873,178492869957.5065,182174.0,0.30894,0.16149001,0.21172,0.10025,0.0115,0.395,3.19,2.6464999999999996,15.755708,17.74036,1.615,2.8524,12.503,2.595,0.09394999949999999,0.03099,0.38022,0.19681999,116.816,0.678,1.021,0.0355,2.0,1.4449999999999998,2.885,0.0358612945,-0.03,1.907891,1.6310409
147,Utilities—Regulated Water,14,11610972601.918106,70005025003.58711,31757525575.56104,34851.0,0.552454985,0.27111499,0.43688,0.11958,-0.25,0.0805,2.025,1.4849999999999999,25.437737499999997,34.235606000000004,4.11,6.8479,16.9725,7.4155,0.08302000000000001,0.026860000000000002,0.68096501,0.0111249995,96.7955,0.6225,0.8255,0.020399999,1.0,0.96,1.87,0.017426595,-0.249,3.0533239500000002,5.3959487
148,Utilities—Renewable,46,114382640373.30415,361197793695.52185,436826683009.26666,182011.0,0.555215,0.20481,0.43762998,0.083045005,0.449,0.317,0.795,0.265,20.636527,28.571428,1.17,6.1283,16.419,9.71,0.041379998,0.0201,0.31448,0.34668,109.364,0.8905000000000001,1.1675,0.035099998,0.9,0.78,3.89,0.0332434385,0.45299999999999996,2.3972657,5.18219665
149,Waste Management,20,19799903053.92911,212151035899.31714,107132459606.27406,474944.0,0.31333,0.05954,0.15004,0.036584999,0.2525,0.16399999999999998,1.08,0.255,17.173529,46.659576,0.675,2.0809,11.754000000000001,2.466,0.030620001,0.02128,0.799920015,0.03152,102.96549999999999,0.914,1.111,0.013300001,0.92,0.895,1.74,0.0115301795,0.239,2.2422329000000003,1.6372738500000001
